{
  "version": 1,
  "artifactType": {
    "type": "APK",
    "kind": "Directory"
  },
  "applicationId": "com.example.Tayu",
  "variantName": "release",
  "elements": [
    {
      "type": "ONE_OF_MANY",
      "filters": [
        {
          "filterType": "ABI",
          "value": "armeabi"
        }
      ],
      "properties": [],
      "versionCode": 1,
      "versionName": "1.0",
      "enabled": true,
      "outputFile": "app-armeabi-release.apk"
    },
    {
      "type": "ONE_OF_MANY",
      "filters": [
        {
          "filterType": "ABI",
          "value": "x86"
        }
      ],
      "properties": [],
      "versionCode": 1,
      "versionName": "1.0",
      "enabled": true,
      "outputFile": "app-x86-release.apk"
    },
    {
      "type": "ONE_OF_MANY",
      "filters": [
        {
          "filterType": "ABI",
          "value": "armeabi-v7a"
        }
      ],
      "properties": [],
      "versionCode": 1,
      "versionName": "1.0",
      "enabled": true,
      "outputFile": "app-armeabi-v7a-release.apk"
    },
    {
      "type": "ONE_OF_MANY",
      "filters": [
        {
          "filterType": "ABI",
          "value": "x86_64"
        }
      ],
      "properties": [],
      "versionCode": 1,
      "versionName": "1.0",
      "enabled": true,
      "outputFile": "app-x86_64-release.apk"
    }
  ]
}